Expense_ID	Department	Expense_Category	Cost_USD	Approval_Status
EXP-300	Radiology	Software	7647	Approved
EXP-301	Pediatrics	Maintenance	4951	Approved
EXP-302	Pediatrics	Maintenance	15843	Pending
EXP-303	Cardiology	Maintenance	14135	Approved
EXP-304	Neurology	Maintenance	20760	Approved
EXP-305	Neurology	Supplies	6459	Approved
EXP-306	Radiology	Staffing	626	Approved
EXP-307	Neurology	Software	20061	Approved
EXP-308	Oncology	Equipment	9295	Approved
EXP-309	Neurology	Staffing	12141	Rejected
EXP-310	Radiology	Maintenance	22908	Approved
EXP-311	Neurology	Staffing	21993	Approved
EXP-312	Oncology	Software	21030	Approved
EXP-313	Cardiology	Equipment	7696	Rejected
EXP-314	Radiology	Equipment	12059	Approved
EXP-315	Cardiology	Software	3868	Approved
EXP-316	Cardiology	Software	4297	Approved
EXP-317	Cardiology	Maintenance	15614	Approved
EXP-318	Pediatrics	Equipment	14218	Approved
EXP-319	Pediatrics	Staffing	2292	Pending
EXP-320	Cardiology	Supplies	11553	Approved
EXP-321	Radiology	Supplies	22616	Approved
EXP-322	Oncology	Software	3976	Approved
EXP-323	Oncology	Maintenance	3917	Approved
EXP-324	Neurology	Supplies	2145	Approved
EXP-325	Radiology	Equipment	15255	Approved
EXP-326	Pediatrics	Software	19914	Approved
EXP-327	Cardiology	Staffing	19756	Approved
EXP-328	Neurology	Software	3572	Approved
EXP-329	Oncology	Staffing	2354	Approved
EXP-330	Pediatrics	Software	20905	Approved
EXP-331	Pediatrics	Software	5162	Approved
EXP-332	Cardiology	Software	7014	Approved
EXP-333	Oncology	Staffing	21915	Approved
EXP-334	Radiology	Staffing	3208	Pending
EXP-335	Pediatrics	Software	12194	Pending
EXP-336	Cardiology	Supplies	23996	Approved
EXP-337	Radiology	Maintenance	10024	Approved
EXP-338	Oncology	Maintenance	20391	Approved
EXP-339	Pediatrics	Maintenance	6956	Approved
EXP-340	Radiology	Staffing	4712	Approved
EXP-341	Radiology	Staffing	13724	Approved
EXP-342	Radiology	Supplies	8470	Approved
EXP-343	Pediatrics	Maintenance	17420	Approved
EXP-344	Pediatrics	Maintenance	2125	Approved
EXP-345	Neurology	Software	10814	Approved
EXP-346	Oncology	Staffing	8473	Approved
EXP-347	Cardiology	Maintenance	9077	Approved
EXP-348	Radiology	Supplies	8570	Approved
EXP-349	Neurology	Supplies	9166	Approved
EXP-350	Cardiology	Maintenance	23374	Approved
EXP-351	Neurology	Staffing	4100	Approved
EXP-352	Pediatrics	Supplies	7283	Approved
EXP-353	Radiology	Software	13726	Approved
EXP-354	Cardiology	Supplies	9646	Approved
EXP-355	Cardiology	Equipment	5471	Approved
EXP-356	Cardiology	Equipment	13990	Approved
EXP-357	Cardiology	Staffing	18089	Pending
EXP-358	Cardiology	Maintenance	13451	Pending
EXP-359	Neurology	Staffing	12812	Approved
