Transaction_ID,Date,Region,Category,Units_Sold,Unit_Price,Customer_Rating,Total_Amount
TXN-1000,2025-01-01,West,Apparel,27,19.99,3.9,539.7299999999999
TXN-1001,2025-01-02,Central,Office Supplies,9,299.99,4.1,2699.91
TXN-1002,2025-01-03,East,Electronics,37,129.99,3.6,4809.63
TXN-1003,2025-01-04,Central,Apparel,33,19.99,4.2,659.67
TXN-1004,2025-01-05,Central,Apparel,42,299.99,3.1,12599.58
TXN-1005,2025-01-06,South,Furniture,44,299.99,3.1,13199.560000000001
TXN-1006,2025-01-07,East,Electronics,24,129.99,4.6,3119.76
TXN-1007,2025-01-08,East,Apparel,15,19.99,3.7,299.84999999999997
TXN-1008,2025-01-09,East,Office Supplies,32,129.99,3.3,4159.68
TXN-1009,2025-01-10,Central,Office Supplies,32,19.99,4.0,639.68
TXN-1010,2025-01-11,West,Furniture,24,899.99,4.5,21599.760000000002
TXN-1011,2025-01-12,East,Apparel,41,49.99,3.4,2049.59
TXN-1012,2025-01-13,Central,Electronics,49,49.99,4.2,2449.51
TXN-1013,2025-01-14,South,Office Supplies,49,49.99,3.2,2449.51
TXN-1014,2025-01-15,West,Apparel,12,129.99,3.1,1559.88
TXN-1015,2025-01-16,South,Apparel,39,899.99,4.1,35099.61
TXN-1016,2025-01-17,West,Furniture,2,19.99,4.1,39.98
TXN-1017,2025-01-18,Central,Office Supplies,3,299.99,4.3,899.97
TXN-1018,2025-01-19,North,Office Supplies,49,19.99,4.5,979.5099999999999
TXN-1019,2025-01-20,West,Electronics,37,299.99,5.0,11099.630000000001
TXN-1020,2025-01-21,South,Office Supplies,49,19.99,4.0,979.5099999999999
TXN-1021,2025-01-22,Central,Electronics,17,899.99,3.6,15299.83
TXN-1022,2025-01-23,West,Office Supplies,49,299.99,4.6,14699.51
TXN-1023,2025-01-24,North,Furniture,2,129.99,3.5,259.98
TXN-1024,2025-01-25,North,Office Supplies,2,19.99,3.9,39.98
TXN-1025,2025-01-26,East,Electronics,28,19.99,3.2,559.7199999999999
TXN-1026,2025-01-27,East,Electronics,23,299.99,3.1,6899.77
TXN-1027,2025-01-28,South,Furniture,37,129.99,4.9,4809.63
TXN-1028,2025-01-29,West,Office Supplies,32,129.99,4.7,4159.68
TXN-1029,2025-01-30,West,Office Supplies,33,899.99,4.4,29699.670000000002
TXN-1030,2025-01-31,East,Furniture,1,129.99,3.8,129.99
TXN-1031,2025-02-01,West,Office Supplies,19,129.99,3.3,2469.8100000000004
TXN-1032,2025-02-02,West,Office Supplies,2,129.99,3.3,259.98
TXN-1033,2025-02-03,North,Electronics,44,49.99,3.5,2199.56
TXN-1034,2025-02-04,East,Office Supplies,26,899.99,4.1,23399.74
TXN-1035,2025-02-05,Central,Office Supplies,32,19.99,4.4,639.68
TXN-1036,2025-02-06,East,Furniture,6,299.99,4.3,1799.94
TXN-1037,2025-02-07,Central,Furniture,32,19.99,3.6,639.68
TXN-1038,2025-02-08,North,Apparel,4,899.99,4.9,3599.96
TXN-1039,2025-02-09,South,Electronics,11,299.99,4.5,3299.8900000000003
TXN-1040,2025-02-10,West,Office Supplies,17,899.99,4.1,15299.83
TXN-1041,2025-02-11,North,Office Supplies,38,129.99,4.2,4939.620000000001
TXN-1042,2025-02-12,West,Apparel,24,299.99,3.8,7199.76
TXN-1043,2025-02-13,South,Office Supplies,5,129.99,3.5,649.95
TXN-1044,2025-02-14,South,Electronics,34,19.99,3.7,679.66
TXN-1045,2025-02-15,North,Apparel,6,19.99,4.5,119.94
TXN-1046,2025-02-16,South,Electronics,22,299.99,3.0,6599.780000000001
TXN-1047,2025-02-17,Central,Apparel,11,299.99,3.2,3299.8900000000003
TXN-1048,2025-02-18,South,Apparel,48,899.99,3.1,43199.520000000004
TXN-1049,2025-02-19,West,Furniture,16,899.99,3.1,14399.84
TXN-1050,2025-02-20,West,Electronics,33,129.99,4.7,4289.67
TXN-1051,2025-02-21,West,Office Supplies,9,299.99,4.4,2699.91
TXN-1052,2025-02-22,West,Office Supplies,6,19.99,3.9,119.94
TXN-1053,2025-02-23,Central,Electronics,16,899.99,3.2,14399.84
TXN-1054,2025-02-24,East,Office Supplies,29,899.99,4.0,26099.71
TXN-1055,2025-02-25,North,Office Supplies,3,19.99,3.9,59.97
TXN-1056,2025-02-26,West,Electronics,20,899.99,3.3,17999.8
TXN-1057,2025-02-27,South,Apparel,36,129.99,3.9,4679.64
TXN-1058,2025-02-28,West,Electronics,19,299.99,3.8,5699.81
TXN-1059,2025-03-01,South,Apparel,26,19.99,4.2,519.74
TXN-1060,2025-03-02,South,Office Supplies,3,299.99,4.3,899.97
TXN-1061,2025-03-03,West,Office Supplies,19,899.99,3.1,17099.81
TXN-1062,2025-03-04,Central,Office Supplies,20,899.99,3.7,17999.8
TXN-1063,2025-03-05,South,Furniture,32,19.99,4.3,639.68
TXN-1064,2025-03-06,South,Apparel,7,129.99,4.0,909.9300000000001
TXN-1065,2025-03-07,West,Furniture,41,49.99,4.7,2049.59
TXN-1066,2025-03-08,South,Furniture,33,19.99,4.3,659.67
TXN-1067,2025-03-09,South,Electronics,40,49.99,3.3,1999.6000000000001
TXN-1068,2025-03-10,West,Furniture,39,49.99,3.1,1949.6100000000001
TXN-1069,2025-03-11,West,Electronics,18,129.99,4.3,2339.82
TXN-1070,2025-03-12,North,Electronics,40,49.99,3.1,1999.6000000000001
TXN-1071,2025-03-13,Central,Furniture,1,49.99,4.2,49.99
TXN-1072,2025-03-14,Central,Apparel,11,129.99,4.9,1429.89
TXN-1073,2025-03-15,South,Apparel,28,49.99,4.2,1399.72
TXN-1074,2025-03-16,Central,Apparel,25,49.99,3.8,1249.75
TXN-1075,2025-03-17,South,Apparel,23,49.99,4.3,1149.77
TXN-1076,2025-03-18,North,Apparel,31,19.99,3.9,619.6899999999999
TXN-1077,2025-03-19,West,Furniture,30,19.99,4.1,599.6999999999999
TXN-1078,2025-03-20,West,Furniture,42,19.99,4.9,839.5799999999999
TXN-1079,2025-03-21,West,Office Supplies,35,129.99,3.8,4549.650000000001
TXN-1080,2025-03-22,Central,Apparel,7,899.99,4.9,6299.93
TXN-1081,2025-03-23,North,Furniture,16,49.99,4.8,799.84
TXN-1082,2025-03-24,Central,Office Supplies,26,49.99,3.4,1299.74
TXN-1083,2025-03-25,Central,Apparel,48,129.99,3.1,6239.52
TXN-1084,2025-03-26,North,Electronics,49,49.99,3.2,2449.51
TXN-1085,2025-03-27,North,Office Supplies,2,19.99,3.0,39.98
TXN-1086,2025-03-28,North,Furniture,1,899.99,3.2,899.99
TXN-1087,2025-03-29,North,Electronics,48,299.99,4.4,14399.52
TXN-1088,2025-03-30,West,Electronics,12,49.99,3.1,599.88
TXN-1089,2025-03-31,East,Electronics,5,19.99,3.6,99.94999999999999
TXN-1090,2025-04-01,East,Office Supplies,37,299.99,4.7,11099.630000000001
TXN-1091,2025-04-02,North,Furniture,32,899.99,3.0,28799.68
TXN-1092,2025-04-03,East,Electronics,9,299.99,4.6,2699.91
TXN-1093,2025-04-04,East,Apparel,41,19.99,3.6,819.5899999999999
TXN-1094,2025-04-05,North,Electronics,35,299.99,3.2,10499.65
TXN-1095,2025-04-06,East,Electronics,19,129.99,4.4,2469.8100000000004
TXN-1096,2025-04-07,Central,Office Supplies,48,299.99,4.3,14399.52
TXN-1097,2025-04-08,South,Office Supplies,16,49.99,4.8,799.84
TXN-1098,2025-04-09,South,Furniture,3,49.99,4.5,149.97
TXN-1099,2025-04-10,North,Apparel,20,129.99,4.6,2599.8
